i_node,j_node,OD
0,1,99.72405016399999
0,2,110.63205012300003
0,3,87.74505021
0,4,68.42735031099996
0,5,71.824050312
0,6,4.652250007000001
0,7,37.87985005100001
0,8,786.585500871
0,9,175.83450024100003
0,10,52.013900114999984
0,11,106.81430000199998
0,12,7.134050015
0,13,225.66395067699997
0,14,12.594100051000003
0,15,58.297800089000006
0,16,92.47665043100002
0,17,1.8282500069999998
0,18,131.86650017999995
0,19,27.307800057999998
0,20,78.70355008299998
0,21,59.13355005299998
0,22,106.54330027699997
0,23,1596.1565010810007
0,24,310.52520094799996
0,25,88.05160039299999
0,26,13.051650029000003
0,27,1.9921000019999997
0,28,87.07790017499995
0,29,908.3268510300004
0,30,179.32825007800002
0,31,7.690550033000001
0,32,11.025800014999998
0,33,1390.339601365999
0,34,85.59130010900003
0,35,1291.9067009039998
0,36,427.51570019699994
0,37,69.33625006199998
0,38,6.252400026000001
0,39,158.32110016000001
0,40,207.678250598
0,41,11.514100019999999
0,42,55.13965005899996
0,43,87.55665009600003
0,44,324.8733004659998
0,45,69.861650096
0,46,51.771800244000005
0,47,50.772700082
0,48,132.98095018600003
0,49,37.684000033000004
0,50,156.79735010400003
0,51,75.79625012700002
0,52,57.57705009799999
0,53,1119.4848005489996
0,54,7.3592000109999995
0,55,2.389450002
0,56,34.35655
0,57,5.190550008999999
0,58,247.71660026900003
0,59,66.531150158
1,0,67.76325005099999
1,2,36.238799996
1,3,51.85090003199999
1,4,338.0227009999999
1,5,8.060900551000001
1,6,33.115750042
1,7,2.2254499999999995
1,8,209.417699936
1,9,18.696150003999996
1,10,95.67810012099997
1,11,9.636899999999997
1,12,5.9756000060000005
1,13,72.49164999199996
1,14,40.112800117
1,15,481.0965999409997
1,16,569.1377016490001
1,17,17.269750050999995
1,18,10.156700001999996
1,19,42.821850054999985
1,20,78.20104999800003
1,21,1.1201
1,22,810.738200854
1,23,160.27229992800005
1,24,19.169999999
1,25,3.0414002069999997
1,26,17.360550006999997
1,27,1.0296500000000002
1,28,20.002450005
1,29,65.63569999200003
1,30,4.2019
1,31,44.95525013299999
1,32,1.44515
1,33,20.217650010999993
1,34,63.058449984
1,35,68.573449994
1,36,35.29099999900002
1,37,8.9016
1,38,26.35025007899999
1,39,52.085799998
1,40,15.902100576999999
1,41,3.73305
1,42,144.28574996100005
1,43,48.78859999599999
1,44,35.819849991
1,45,2.00445
1,46,262.649700791
1,47,32.218900002000005
1,48,641.1708999319999
1,49,58.60925003299999
1,50,8.393199999999998
1,51,699.0164499449997
1,52,6.9612
1,53,26.993350001
1,54,57.317099995999996
1,55,0.2745
1,56,72.32015000000001
1,57,2.8537
1,58,211.544499939
1,59,69.72125004899999
2,0,76.474600076
2,1,31.315000015000003
2,3,144.62415024900002
2,4,23.902500073
2,5,47.68610010899999
2,6,3.859450007
2,7,87.90174999800001
2,8,335.32880012299995
2,9,64.359249998
2,10,73.00260014900002
2,11,111.61790000000003
2,12,5.119850008
2,13,119.18355010900001
2,14,1.877000003
2,15,51.175200024999995
2,16,24.922050085999995
2,17,0.918900003
2,18,112.80929999500002
2,19,43.462500085000016
2,20,944.0461003899998
2,21,137.03449999299997
2,22,20.038150032999994
2,23,63.99195002899999
2,24,75.43865006800002
2,25,62.269800145
2,26,13.505500020999998
2,27,4.5388
2,28,209.981950212
2,29,54.302350020999995
2,30,216.3377999960001
2,31,1.2382000030000002
2,32,44.447600022999985
2,33,161.0085500880001
2,34,71.86240003200001
2,35,60.560050036
2,36,510.730500055
2,37,474.6135001020002
2,38,2.149300008
2,39,26.600250006000003
2,40,68.966300127
2,41,18.55185001
2,42,36.86580001400001
2,43,285.20505012700005
2,44,71.639300045
2,45,106.97879999499999
2,46,16.357950058000004
2,47,89.53260005799997
2,48,133.01745006600004
2,49,45.145350039
2,50,653.6183999709999
2,51,45.33170002800001
2,52,184.32350010699992
2,53,237.48895004000002
2,54,3.1882500009999997
2,55,6.61175
2,56,7.06785
2,57,4.2065000029999995
2,58,368.1903001549997
2,59,100.26405017299999
3,0,17.121050000000004
3,1,21.003899927
3,2,77.063449789
3,4,16.16829817
3,5,7.478800773000001
3,6,20.154399808999997
3,7,37.349199965
3,8,51.429599834
3,9,12.950649991000008
3,10,380.832496974
3,11,50.179449999000006
3,12,72.599749289
3,13,8.153500000000001
3,14,3.789049589
3,15,121.01859952800001
3,16,20.418997665000006
3,17,0.759549911
3,18,14.400799992999996
3,19,158.039498453
3,20,292.9790991400003
3,21,21.194349973
3,22,17.218749262000003
3,23,20.223549984000005
3,24,17.792450000000002
3,25,14.720151519000002
3,26,72.613449887
3,27,7.714149979
3,28,1100.1063973660002
3,29,11.817999970999999
3,30,24.02229996400001
3,31,3.213199623
3,32,59.229099807999994
3,33,37.47629998699999
3,34,7.832749980999999
3,35,15.558399996999995
3,36,68.72954984800002
3,37,107.03734974399993
3,38,0.6203499270000001
3,39,9.39435
3,40,10.391050828000003
3,41,98.16259967799995
3,42,10.640899966000001
3,43,326.230349043
3,44,15.672799978
3,45,18.196449984
3,46,11.179848687
3,47,371.9541991749999
3,48,260.43179906900014
3,49,147.48424940200002
3,50,78.27714986399998
3,51,89.87294959299997
3,52,422.9584986399999
3,53,59.503849912
3,54,8.476049967000002
3,55,2.671299999
3,56,5.3443000000000005
3,57,29.972649878999995
3,58,44.306299865
3,59,809.3050489270003
4,0,16.590100018999998
4,1,69.07035003399999
4,2,6.670199998999999
4,3,7.357949922
4,5,7.158750663999999
4,6,39.05205008
4,7,0.4917
4,8,29.145750004000003
4,9,3.399700002
4,10,24.787400001
4,11,3.7374
4,12,3.028200004
4,13,8.075099988
4,14,171.34170063599998
4,15,38.320050017999996
4,16,424.41040161
4,17,35.471150136000006
4,18,3.5724000009999988
4,19,43.43055008400001
4,20,11.358950000999998
4,21,0.9092499999999999
4,22,112.16640025999999
4,23,47.88424998699996
4,24,3.010199996
4,25,1.771650155
4,26,5.135449950999999
4,27,0.15095
4,28,6.909499966999998
4,29,11.592400001000001
4,30,2.1273999999999997
4,31,245.62895094200007
4,32,0.20145000000000002
4,33,9.810300007999999
4,34,14.099249996000001
4,35,15.963700004000001
4,36,5.863249999999999
4,37,1.2288
4,38,127.64260049299999
4,39,49.5585
4,40,2.236800076
4,41,2.594699992
4,42,13.231850003000003
4,43,7.4465000009999995
4,44,4.51835
4,45,0.5316
4,46,626.9829524049999
4,47,3.821499986
4,48,46.33630002300003
4,49,41.606300035
4,50,2.324649999
4,51,136.046050091
4,52,1.6327000000000003
4,53,7.653250000999999
4,54,100.12585006799999
4,55,0.0005
4,56,95.651
4,57,1.72425
4,58,23.337550001
4,59,10.289249894000005
5,0,12.728550045999997
5,1,1.4440500090000001
5,2,34.252700008000005
5,3,14.646100219000003
5,4,2.1855000350000005
5,6,0.381800005
5,7,144.61155008199998
5,8,16.45140001
5,9,170.75160009399997
5,10,4.190550086
5,11,79.168800001
5,12,2.821300068
5,13,4.714534571999999
5,14,0.134850001
5,15,1.014100005
5,16,3.8457500639999993
5,17,0.133550003
5,18,358.1507501849998
5,19,6.010700141999999
5,20,13.579400000999998
5,21,75.97240001099999
5,22,0.960800009
5,23,47.06405011799999
5,24,6.302429373999999
5,25,355.32635061099995
5,26,1.534400022
5,27,1.5579
5,28,31.94005019
5,29,5.907300003999999
5,30,13.890650001999997
5,31,2.305250037
5,32,16.437050007999996
5,33,150.3091005559999
5,34,13.655990788999999
5,35,14.663497989000001
5,36,42.993300006
5,37,42.874000013000014
5,38,0.047200001
5,39,10.625998611
5,40,894.3537013719998
5,41,5.467600013000001
5,42,2.7332000009999997
5,43,5.3498
5,44,5.121199344999999
5,45,284.288250145
5,46,0.7049500120000002
5,47,2.4503000249999998
5,48,6.992350018999999
5,49,3.7146000359999998
5,50,87.872300018
5,51,3.8524500269999997
5,52,27.700550018999994
5,53,8.107050007000002
5,54,0.710350005
5,55,5.055550000999999
5,56,1.7767499999999998
5,57,1.6941000019999999
5,58,45.068300031
5,59,9.217300138
6,0,1.5827000000000002
6,1,12.354449999999995
6,2,1.6256000000000002
6,3,11.417500004
6,4,26.603450080999995
6,5,0.09485
6,7,0.3847499999999999
6,8,4.9998000000000005
6,9,1.14645
6,10,44.75880008100001
6,11,1.22285
6,12,9.861400019
6,13,0.48034983
6,14,3.66840001
6,15,27.812650004000005
6,16,17.222100056
6,17,1.064000003
6,18,0.3464
6,19,83.435100167
6,20,7.21665
6,21,0.30275
6,22,13.419300018999998
6,23,5.19905
6,24,0.642199747
6,25,1.0141500270000001
6,26,4.511100001000001
6,27,0.36665
6,28,8.766950002000005
6,29,1.85105
6,30,0.4786
6,31,6.09070002
6,32,0.6436999999999999
6,33,4.170350000000001
6,34,1.285049904
6,35,3.3810000010000003
6,36,1.0138
6,37,0.9985000000000002
6,38,2.649050009
6,39,4.7962
6,40,0.8524500020000001
6,41,6.101000001
6,42,1.81355
6,43,5.9636499999999995
6,44,0.8585499209999997
6,45,0.19595
6,46,10.483000033000001
6,47,3.6006500000000012
6,48,24.225050002000003
6,49,94.199550081
6,50,1.6315000000000002
6,51,33.601700009000005
6,52,2.2407500000000002
6,53,1.4534500000000001
6,54,24.920100003
6,55,0.0
6,56,2.9133
6,57,3.406400003
6,58,3.9501500000000003
6,59,22.26600001500001
7,0,4.312050000999999
7,1,0.9015500000000002
7,2,61.146449997000005
7,3,51.547750081000004
7,4,0.8476999979999998
7,5,86.20380020899998
7,6,0.4732
7,8,34.158750014000006
7,9,51.967599998
7,10,9.28080001
7,11,744.224749981
7,12,4.003500002
7,13,3.432100003
7,14,0.941949998
7,15,2.2822
7,16,2.3813999949999993
7,17,0.1001
7,18,162.37929998400008
7,19,8.182600004999998
7,20,83.60650000000001
7,21,74.163099996
7,22,0.7550999999999998
7,23,17.777750004000016
7,24,3.8679500040000003
7,25,108.299200274
7,26,3.2796500010000016
7,27,7.7415
7,28,138.467050078
7,29,2.6182499999999997
7,30,14.149249998999997
7,31,0.097
7,32,105.35595003400002
7,33,38.64155005200001
7,34,2.2082
7,35,8.522650001999999
7,36,44.140700001
7,37,343.2399499960001
7,38,0.05015
7,39,2.6208000000000005
7,40,93.346700218
7,41,19.360600005999995
7,42,1.9982
7,43,33.928599999999996
7,44,5.470600002
7,45,326.00444996100003
7,46,0.718699998
7,47,11.071750008
7,48,10.702799999999998
7,49,4.288450001000001
7,50,82.73624998800003
7,51,2.6587000000000005
7,52,179.43855002100003
7,53,6.187500000000001
7,54,1.0986
7,55,131.271149975
7,56,0.71205
7,57,3.5809499999999996
7,58,21.850100004
7,59,24.179050032
8,0,237.772649996
8,1,185.13989999899997
8,2,146.59504999499998
8,3,36.318800030000006
8,4,59.127250173000014
8,5,9.530900019999999
8,6,7.501450007999999
8,7,19.674150000999997
8,9,16.157900000999994
8,10,35.06825004300001
8,11,24.483049999999995
8,12,2.8988500020000005
8,13,328.064749841
8,14,19.446400053999998
8,15,37.242299999999986
8,16,106.475950318
8,17,4.78075001
8,18,27.612700002000004
8,19,26.306750034999993
8,20,73.209
8,21,59.48624999400001
8,22,136.775950151
8,23,212.16429988300013
8,24,370.79774982699996
8,25,19.006850048
8,26,12.896450006999997
8,27,1.9732999999999996
8,28,9.778950003000002
8,29,739.8461995639996
8,30,75.78639997300003
8,31,9.786300031
8,32,10.731150001000003
8,33,200.91884997800017
8,34,329.35514980300013
8,35,239.96259988599994
8,36,721.1872496129997
8,37,55.88394999800001
8,38,6.931650018
8,39,68.96679998300002
8,40,22.195600008000003
8,41,1.4704499999999998
8,42,197.209899885
8,43,73.42555000000002
8,44,387.105199784
8,45,45.50460001300001
8,46,61.284800183
8,47,48.89880001400002
8,48,190.57709998299998
8,49,37.466100016
8,50,247.61139991599998
8,51,89.18595000199994
8,52,10.070150001
8,53,498.075149755
8,54,19.003900000000005
8,55,2.1819499999999996
8,56,31.826499999999996
8,57,3.03045
8,58,1284.0067492830003
8,59,43.651900036000015
9,0,137.8910501950001
9,1,11.925850005999994
9,2,78.33014999799998
9,3,122.37450020099999
9,4,16.188599952999994
9,5,232.56915057400005
9,6,2.6389500019999996
9,7,133.30729998299995
9,8,64.14555002800002
9,10,24.423600028000003
9,11,105.633
9,12,11.377450014
9,13,44.030000062999974
9,14,2.2309999969999996
9,15,8.275150004
9,16,15.241949956000001
9,17,0.62805
9,18,1076.2375998460006
9,19,24.41545002500001
9,20,75.83765000300002
9,21,500.6846999170001
9,22,19.804699992000003
9,23,711.0260506649985
9,24,68.82615010400002
9,25,227.38245055499993
9,26,7.523300011000001
9,27,4.1662
9,28,272.72590017600004
9,29,66.606100035
9,30,89.33189999100001
9,31,2.007599994
9,32,36.219650002
9,33,1820.9923527709987
9,34,9.833750003999997
9,35,198.36935013400014
9,36,44.244750003000014
9,37,235.38249997900004
9,38,3.9010499880000005
9,39,56.374000011000014
9,40,899.9775013819999
9,41,35.320450019000006
9,42,6.166650001000001
9,43,31.040900002
9,44,56.54300004799999
9,45,320.238149949
9,46,8.768749973999999
9,47,17.433900021999996
9,48,23.560500005000005
9,49,32.903800004000004
9,50,396.91279993399996
9,51,11.811050005
9,52,182.44635003000002
9,53,219.16940005399994
9,54,1.566900001
9,55,7.644600000000002
9,56,10.894599999999999
9,57,6.756850001
9,58,25.802700003000012
9,59,70.436450111
10,0,14.392500001999998
10,1,36.46659996699999
10,2,24.59349998
10,3,374.1260500530001
10,4,41.027598341
10,5,2.8211500369999998
10,6,69.022049949
10,7,7.804749998999999
10,8,29.946799976
10,9,8.992349999
10,11,27.297400000000007
10,12,88.90264986700001
10,13,5.651899079999999
10,14,9.780349839
10,15,151.80254985700006
10,16,41.386648330999996
10,17,0.738699974
10,18,6.033100000000001
10,19,614.4656995710002
10,20,98.98224993600006
10,21,7.505399996000001
10,22,31.756649571000004
10,23,14.627649997000006
10,24,4.165248936
10,25,4.970000146
10,26,209.73995009299992
10,27,6.969849999999999
10,28,225.994499916
10,29,6.7001999959999985
10,30,13.057399994999999
10,31,7.058899759
10,32,9.153299995
10,33,32.631450001
10,34,2.7632497959999998
10,35,11.801599935
10,36,32.14874998600001
10,37,19.202549990000005
10,38,3.110799981
10,39,12.997899907
10,40,6.142950292
10,41,85.74554999500003
10,42,5.580899996
10,43,90.225949934
10,44,7.569349503000001
10,45,5.478099999999999
10,46,16.915999339
10,47,134.942449964
10,48,125.41079988500002
10,49,705.3000499359999
10,50,30.703749981
10,51,137.81369981700007
10,52,43.377499969
10,53,25.624249988999992
10,54,28.830199979
10,55,0.69105
10,56,6.2947999999999995
10,57,42.660799985
10,58,26.719549978999996
10,59,518.0372502499999
11,0,17.47694999999999
11,1,2.4579499999999994
11,2,35.07020000000001
11,3,48.00925000500001
11,4,8.9571
11,5,31.168900007000005
11,6,0.6592500000000001
11,7,209.49399999599996
11,8,63.03825000099998
11,9,45.4184
11,10,16.916050000000002
11,12,19.701800001
11,13,5.180749999999999
11,14,0.07845
11,15,7.806649999999999
11,16,4.07505
11,17,0.15295
11,18,60.20285
11,19,15.62695
11,20,76.69885
11,21,34.275699999999986
11,22,2.2741
11,23,39.397550001
11,24,19.32575
11,25,25.724700000000002
11,26,4.9056500000000005
11,27,2.352
11,28,72.306000003
11,29,8.658999999999999
11,30,8.98365
11,31,0.12355
11,32,24.4972
11,33,44.19190001000001
11,34,0.5505999999999999
11,35,54.179199999999994
11,36,45.5888
11,37,95.64574999900003
11,38,0.97045
11,39,0.5051
11,40,99.224950013
11,41,12.111450000000001
11,42,3.0181500000000003
11,43,67.2842
11,44,16.25065
11,45,85.242099997
11,46,3.4064
11,47,12.1239
11,48,20.48445
11,49,5.77065
11,50,43.6461
11,51,8.265200000000002
11,52,61.330800002000004
11,53,7.013400000000001
11,54,4.117800000000001
11,55,32.6452
11,56,0.3837
11,57,4.4814
11,58,93.8643
11,59,17.043350003
12,0,1.9813999999999998
12,1,1.49455
12,2,2.3776499999999996
12,3,38.61980002600001
12,4,3.957350006999999
12,5,0.7222000020000001
12,6,10.221300020000001
12,7,4.800499999999999
12,8,3.9744
12,9,2.8224499999999995
12,10,73.501100132
12,11,11.805399999999999
12,13,0.2535999
12,14,1.9546500039999999
12,15,4.773299999999999
12,16,1.3086000010000003
12,17,0.09725
12,18,2.4898
12,19,232.803950477
12,20,7.6301499999999995
12,21,1.21385
12,22,1.0751
12,23,1.4261499999999998
12,24,0.399349841
12,25,1.078200003
12,26,8.095650002000001
12,27,10.509800005
12,28,112.715550075
12,29,1.0777
12,30,0.7052000000000002
12,31,0.38384999999999997
12,32,6.155150002999999
12,33,2.05175
12,34,0.047
12,35,1.4716999800000001
12,36,5.24585
12,37,8.34195
12,38,0.15315
12,39,1.7569500000000002
12,40,1.4443000000000001
12,41,242.67315023800003
12,42,0.39655
12,43,6.247
12,44,0.19944998000000003
12,45,2.0412
12,46,0.634750001
12,47,5.862000000999999
12,48,6.984749999999999
12,49,199.56380010299998
12,50,5.093949999999999
12,51,3.3394000000000004
12,52,30.065200020000002
12,53,2.9532000000000003
12,54,3.1773
12,55,0.5946499999999999
12,56,1.4367999999999999
12,57,139.645150103
12,58,2.917900000000001
12,59,135.53985010299996
13,0,33.40695005299999
13,1,33.98050000100001
13,2,16.855900006
13,3,2.7181000039999996
13,4,7.914299862999999
13,5,1.9418130819999997
13,6,2.0567968039999998
13,7,1.8767500019999999
13,8,170.70585
13,9,9.23235001
13,10,3.237046402000001
13,11,6.4701
13,12,0.383249322
13,14,5.693249894999999
13,15,6.24435
13,16,15.171299721999997
13,17,3.64004993
13,18,14.55950002
13,19,1.359397593
13,20,12.757100001000003
13,21,11.331100004999996
13,22,17.385999885
13,23,55.73685003600002
13,24,987.9680496829997
13,25,5.416697018000001
13,26,1.2088500020000001
13,27,0.33885
13,28,0.56265
13,29,120.01690000700005
13,30,4.878799999999999
13,31,3.104699939
13,32,0.3107
13,33,29.363500045000006
13,34,101.36264998799999
13,35,28.025400009
13,36,43.43185000400001
13,37,5.234650001000001
13,38,2.6976499480000005
13,39,424.36334992199994
13,40,3.8139680350000003
13,41,0.471149752
13,42,30.015449999999994
13,43,6.661550002999999
13,44,279.2067999430001
13,45,2.4066000030000003
13,46,8.616599835
13,47,4.289350002999999
13,48,30.299550004999997
13,49,6.733397412
13,50,16.256900000999998
13,51,14.308549994999995
13,52,1.0912500010000001
13,53,26.211800004999994
13,54,2.8293
13,55,0.20465
13,56,10.40535
13,57,0.092
13,58,182.66735000400004
13,59,2.046700002
14,0,3.9744500020000006
14,1,9.026350004
14,2,0.9396500000000001
14,3,2.611449974
14,4,65.47370023600001
14,5,0.425600021
14,6,2.058650003
14,7,0.1
14,8,9.397900000999998
14,9,1.3296000000000003
14,10,4.616700000000001
14,11,0.69605
14,12,1.9466000030000001
14,13,1.304
14,15,4.627250001999999
14,16,25.093300083
14,17,0.9081000020000001
14,18,1.14985
14,19,8.614300016
14,20,2.8765499999999995
14,21,0.28565
14,22,7.606700018
14,23,11.968349998000003
14,24,1.040649999
14,25,0.141650008
14,26,1.021299991
14,27,0.0502
14,28,2.1275499869999996
14,29,4.0855999999999995
14,30,0.7233
14,31,5.98635
14,32,0.24340000000000003
14,33,6.214500004
14,34,3.22415
14,35,5.608149998
14,36,2.4753
14,37,0.48664999999999997
14,38,0.47655000000000003
14,39,7.08295
14,40,1.525450057
14,41,0.781149998
14,42,2.2399
14,43,1.8118000000000003
14,44,1.56985
14,45,0.23510000000000003
14,46,22.802500087000002
14,47,1.004449994
14,48,8.173500004
14,49,7.166550008
14,50,1.48555
14,51,11.273200008
14,52,0.7443000000000001
14,53,4.126799999
14,54,9.703200006
14,55,0.0
14,56,7.9815000000000005
14,57,0.05065
14,58,5.330000000000002
14,59,3.596549961
15,0,29.314800021
15,1,269.0991499809999
15,2,33.72454999900001
15,3,165.218100127
15,4,78.37735021400002
15,5,0.8503000569999999
15,6,45.16875006200001
15,7,4.689850000000001
15,8,28.860799996000015
15,9,2.6677
15,10,191.33025024100007
15,11,19.224
15,12,12.016550017
15,13,10.721900000000002
15,14,14.09610004
15,16,110.19900030599997
15,17,2.875750006
15,18,2.6663499999999996
15,19,67.51335009299997
15,20,105.89069999200007
15,21,1.8232500000000003
15,22,151.35495014199998
15,23,27.141949994000008
15,24,1.9959
15,25,1.998600134
15,26,81.063950053
15,27,0.4137
15,28,74.55505001900002
15,29,18.065199997000004
15,30,8.944999998000002
15,31,11.351950033
15,32,3.61395
15,33,11.562849999999996
15,34,9.222899997999999
15,35,20.51864999999999
15,36,24.590399998
15,37,13.58805000000001
15,38,7.992100023
15,39,20.2058
15,40,2.6623001540000004
15,41,12.378100002999998
15,42,29.724549993
15,43,103.81769999299996
15,44,5.692849999999999
15,45,1.756
15,46,41.65485012300001
15,47,81.388550025
15,48,565.6876499370001
15,49,82.719850048
15,50,20.334249997000004
15,51,547.6210999470001
15,52,18.84435
15,53,8.522449998999999
15,54,21.692599998
15,55,0.34565
15,56,13.057500000000001
15,57,5.546
15,58,55.96954998999998
15,59,216.89410015499996
16,0,53.033350075000016
16,1,253.75630016600005
16,2,9.337250003000001
16,3,27.577699686
16,4,451.1964517270001
16,5,4.471750412000001
16,6,27.672350055
16,7,1.7758500000000002
16,8,97.186600019
16,9,6.522900005
16,10,39.422849968000016
16,11,7.714649999999999
16,12,2.776450004
16,13,17.666849972999998
16,14,61.985650228000004
16,15,103.43190005800002
16,17,36.21935014100001
16,18,5.8546499999999995
16,19,24.694400044
16,20,19.997250004999994
16,21,2.5044999999999993
16,22,297.89205061700005
16,23,64.92909997699999
16,24,8.980049986
16,25,3.485250325
16,26,10.852149884999998
16,27,0.88035
16,28,15.475249922
16,29,35.197400007999995
16,30,3.1074999979999998
16,31,96.752150376
16,32,1.5308
16,33,18.388450009999996
16,34,35.19964998400001
16,35,39.821150004999986
16,36,14.068750001999998
16,37,4.57175
16,38,71.81845028100001
16,39,72.952799998
16,40,8.937750689
16,41,5.284099987
16,42,36.896750014000006
16,43,12.581450004999997
16,44,18.017599998000005
16,45,2.6730499999999995
16,46,542.869702135
16,47,9.663049942999997
16,48,134.255750084
16,49,25.003350019
16,50,5.239099997999999
16,51,334.38075025600006
16,52,6.59065
16,53,18.780450003
16,54,30.280350021
16,55,0.1
16,56,80.9858
16,57,1.0708000000000002
16,58,54.83885000700001
16,59,36.168099595
17,0,4.034050003000001
17,1,8.012500000999998
17,2,1.03395
17,3,2.1688999720000006
17,4,32.529950116
17,5,0.150050015
17,6,1.104200001
17,7,0.20045000000000002
17,8,7.313250001
17,9,0.7814
17,10,1.159749997
17,11,1.06745
17,12,0.05105
17,13,1.8634999979999998
17,14,4.194850013
17,15,3.7927500000000003
17,16,32.908700124
17,18,1.2404000000000002
17,19,3.388300005
17,20,2.43595
17,21,0.4002
17,22,10.293000023000001
17,23,5.429299999999999
17,24,1.7747999970000001
17,25,0.246850024
17,26,0.203449998
17,27,0.0
17,28,1.035799994
17,29,2.311
17,30,0.47795
17,31,22.164350087
17,32,0.0
17,33,3.5380000019999995
17,34,1.9149
17,35,4.139649999000001
17,36,1.8557999999999997
17,37,1.1974999999999998
17,38,2.7279000110000005
17,39,144.765699999
17,40,0.7415000489999999
17,41,0.502749998
17,42,1.5741999999999998
17,43,1.9148000000000003
17,44,0.8904
17,45,0.1959
17,46,45.038900177
17,47,1.010149997
17,48,8.151400002
17,49,1.629500001
17,50,0.84185
17,51,12.226950007999998
17,52,0.25275
17,53,2.20125
17,54,5.870200003999999
17,55,0.0
17,56,26.152499999999996
17,57,0.0
17,58,4.0389
17,59,1.716549979
18,0,54.48085006200003
18,1,5.866650001000001
18,2,148.933849994
18,3,72.934550112
18,4,6.28179998
18,5,562.7288013829999
18,6,0.67865
18,7,362.19919996
18,8,32.81260000899999
18,9,1075.3189998369999
18,10,15.582100016000005
18,11,204.148449999
18,12,5.279350004
18,13,26.828250035999993
18,14,0.21564999999999998
18,15,4.451600001
18,16,10.135449972
18,17,1.587599996
18,19,20.008800016000002
18,20,62.73039999999998
18,21,690.2497498919998
18,22,7.293049999000001
18,23,287.5424002440002
18,24,46.271350068
18,25,328.07530081199997
18,26,6.48490001
18,27,5.78605
18,28,184.38480013599994
18,29,31.902800012999993
18,30,129.079699988
18,31,2.2649499929999997
18,32,40.946650003999984
18,33,750.3339011570009
18,34,14.518450006999998
18,35,92.46285004500002
18,36,90.48165000400003
18,37,225.77354997700002
18,38,0.812299999
18,39,24.365600003999994
18,40,660.9917511339995
18,41,22.688250007000008
18,42,6.273100001
18,43,22.692000000000004
18,44,23.542200015000002
18,45,793.1322498799998
18,46,4.866549985
18,47,19.718150025000007
18,48,19.973350002999997
18,49,18.448800005
18,50,588.8962499009998
18,51,11.310900004999999
18,52,124.76510001400004
18,53,61.82580000700003
18,54,1.5425
18,55,19.153449999
18,56,4.68535
18,57,3.1317500000000003
18,58,58.34165001599999
18,59,64.773550104
19,0,16.619200004000007
19,1,18.980150001000002
19,2,16.8014
19,3,153.46640012000003
19,4,49.565600131
19,5,2.5970000079999997
19,6,148.75870029
19,7,7.769599999999998
19,8,25.14175
19,9,7.2187
19,10,712.9400513199997
19,11,21.758449999
19,12,296.177850585
19,13,2.4146490440000004
19,14,17.582700039000002
19,15,53.97840000700001
19,16,36.617950097
19,17,2.473450005
19,18,7.372899999999999
19,20,48.59780000099999
19,21,5.427349999999998
19,22,13.362800019000002
19,23,12.308900001
19,24,3.9230984479999997
19,25,3.058200018
19,26,69.00515005500004
19,27,15.970850007000001
19,28,112.32335007500002
19,29,8.764000000000003
19,30,12.389149999999999
19,31,10.317500027000001
19,32,9.485350002999999
19,33,22.415650004000007
19,34,3.9457495430000007
19,35,21.495999597
19,36,24.746899999999997
19,37,13.572950000999999
19,38,5.0014500129999995
19,39,21.76899964
19,40,6.119600014
19,41,184.077350185
19,42,3.5736500000000007
19,43,48.587100004000014
19,44,4.536549713000001
19,45,3.5462
19,46,18.695900052
19,47,45.246050012999994
19,48,63.320000007
19,49,2099.245101703
19,50,21.183400000000002
19,51,52.07810001399999
19,52,29.619050017999996
19,53,21.98745
19,54,43.373250012
19,55,1.11155
19,56,9.61635
19,57,118.042600109
19,58,33.17454999999998
19,59,301.90570023999993
20,0,52.17090004500001
20,1,61.804200024999965
20,2,983.6137503419997
20,3,713.1791512389997
20,4,45.13305015699999
20,5,21.20090004
20,6,24.878400044000003
20,7,133.1332
20,8,171.72095006299998
20,9,55.509699999999974
20,10,324.3097506500001
20,11,166.41944999999996
20,12,31.982450061000005
20,13,88.55995007500003
20,14,9.435650033
20,15,214.256100121
20,16,51.10150018799999
20,17,1.508000004
20,18,55.113400000000034
20,19,177.60920036799996
20,21,62.73869999999997
20,22,41.63570006400001
20,23,58.05185001799996
20,24,36.128500032000005
20,25,35.239550078000015
20,26,78.14020012799999
20,27,15.069900005
20,28,949.197301045
20,29,29.73295000600001
20,30,234.211850003
20,31,4.5612500140000005
20,32,93.78685004500001
20,33,121.05800005300004
20,34,54.727900025
20,35,62.12265002299995
20,36,374.07815006699997
20,37,523.96050014
20,38,3.550150013
20,39,19.117200003
20,40,49.55850009099997
20,41,83.54965005500003
20,42,42.27525000800003
20,43,1011.5141504460001
20,44,44.76615002200001
20,45,47.027350000000006
20,46,20.091750072000004
20,47,602.8405505560002
20,48,473.72530026799996
20,49,239.45825020700005
20,50,711.702000018
20,51,157.03610009499997
20,52,550.910500304
20,53,193.13370003600008
20,54,12.631100006
20,55,9.697849999999999
20,56,11.903749999999995
20,57,12.154850008000002
20,58,255.62480010199988
20,59,362.0627006280001
21,0,23.727450007
21,1,13.28065
21,2,241.84474998600004
21,3,121.28905020200003
21,4,6.5552999120000015
21,5,175.43305037799993
21,6,1.3444
21,7,135.22314997400008
21,8,334.60975008
21,9,511.4545498860001
21,10,19.355050012000003
21,11,120.63374999999999
21,12,5.699100001
21,13,141.8021500429999
21,14,0.835549992
21,15,5.614300000000001
21,16,12.862599835999998
21,17,0.521149992
21,18,614.3967998609999
21,19,18.075200006
21,20,96.03319999999992
21,22,7.6210499469999995
21,23,202.2623000369999
21,24,59.119750026999995
21,25,216.71380046699997
21,26,4.292300007
21,27,1.7038999999999997
21,28,216.57460020200006
21,29,22.33355000399999
21,30,82.37594998499998
21,31,1.6943499750000002
21,32,19.525500005000005
21,33,117.079850071
21,34,93.03735002700003
21,35,113.78780004199997
21,36,366.77919993100005
21,37,242.405849981
21,38,0.6862999919999999
21,39,56.932100003
21,40,336.01330053999993
21,41,17.746600007999998
21,42,21.979250002999986
21,43,29.849799999999995
21,44,67.160700011
21,45,287.75834991500005
21,46,5.388899929000002
21,47,17.698100018
21,48,19.46175000099999
21,49,18.164900000000003
21,50,600.3263998479999
21,51,9.037250000999999
21,52,117.53140005200001
21,53,54.42349999099999
21,54,1.56825
21,55,7.833849999999999
21,56,3.6075500000000007
21,57,4.601100003000001
21,58,273.155850046
21,59,64.06950009900001
22,0,24.521650025999996
22,1,205.04415001900003
22,2,9.070550001
22,3,14.667649929999998
22,4,154.749350526
22,5,0.40495002999999996
22,6,16.371200027
22,7,0.47755000000000003
22,8,85.44444999799997
22,9,2.981
22,10,27.274350014000014
22,11,1.0227499999999998
22,12,1.554150002
22,13,8.539649996
22,14,14.663200050000002
22,15,140.35600000600002
22,16,322.52875113499994
22,17,9.557600033999998
22,18,3.1024500009999993
22,19,7.700350009000001
22,20,18.471749999999997
22,21,0.9779500000000001
22,23,30.83950000200001
22,24,4.675899998
22,25,0.376300024
22,26,8.764999969
22,27,0.29814999999999997
22,28,7.1461499879999995
22,29,24.249850003000002
22,30,0.9991
22,31,14.700950054000002
22,32,0.14095000000000002
22,33,10.226450004
22,34,20.586299993000008
22,35,17.091250006
22,36,9.626499999999998
22,37,1.2432
22,38,12.867200046999999
22,39,12.632249999999999
22,40,2.7795501760000003
22,41,2.069849997
22,42,32.0924
22,43,10.591000001999998
22,44,9.563550000000003
22,45,0.30155
22,46,172.53085063
22,47,8.539249982999998
22,48,153.736349996
22,49,11.750100005000002
22,50,2.509149999
22,51,309.243400012
22,52,1.64715
22,53,12.972750002000002
22,54,27.590199999999996
22,55,0.05
22,56,21.0133
22,57,1.4307
22,58,49.06620000000001
22,59,21.275149908
23,0,1375.4842508899997
23,1,39.865350001
23,2,74.705750058
23,3,63.237900134
23,4,30.524599954000006
23,5,99.45085042800001
23,6,5.819549995
23,7,41.31280003899999
23,8,256.38810014600006
23,9,382.83535052799994
23,10,28.55520002400001
23,11,62.374500000000005
23,12,8.590900003
23,13,140.49190019999986
23,14,9.421199970999998
23,15,34.67725000499998
23,16,35.85379986699999
23,17,1.4321999970000001
23,18,330.3907504399995
23,19,24.078549996999996
23,20,48.179700026999996
23,21,117.14965007700003
23,22,31.079500016999997
23,24,237.50055036500012
23,25,109.06575047999999
23,26,6.206700007999999
23,27,3.1888000019999994
23,28,107.76940019299998
23,29,389.4960002240003
23,30,211.561000073
23,31,4.882550008999999
23,32,18.56665002600001
23,33,2740.3822517
23,34,29.943200011999988
23,35,2279.8693003140006
23,36,193.7444500339999
23,37,78.92710006500003
23,38,2.392500004
23,39,119.28375005099998
23,40,390.3459008570005
23,41,13.22135001
23,42,23.199500007
23,43,41.39030002499997
23,44,206.69850016099997
23,45,129.08060016900004
23,46,21.617199991000003
23,47,18.981450014999997
23,48,44.25820001900001
23,49,29.216299995
23,50,149.94675009700015
23,51,36.68190000200003
23,52,73.78495010500002
23,53,869.5008502999993
23,54,6.742200003999999
23,55,4.139300003
23,56,25.83675
23,57,2.9122000009999995
23,58,85.56840004399997
23,59,38.35490006799999
24,0,61.24520011000001
24,1,18.548550001
24,2,20.210950006999994
24,3,10.733350019999998
24,4,13.517749746999998
24,5,10.133307348999997
24,6,1.227297919
24,7,9.294350016
24,8,324.55570000000006
24,9,29.018250061000003
24,10,5.704042939999999
24,11,13.640349999999998
24,12,0.38914930999999997
24,13,1257.7915994639998
24,14,4.228549938
24,15,2.7352000000000003
24,16,15.207999721
24,17,5.708049890999999
24,18,22.207750042
24,19,8.710684595000002
24,20,8.5557
24,21,30.991550028000002
24,22,16.791049892999997
24,23,112.87895005799997
24,25,6.092784165999999
24,26,4.539250010000002
24,27,0.47400000000000003
24,28,1.2217000000000002
24,29,382.40610001400006
24,30,7.551600001
24,31,5.026899902
24,32,0.9284
24,33,71.07975012600001
24,34,54.28529999099999
24,35,45.95485003300003
24,36,46.488400006
24,37,3.95685
24,38,2.3228999560000005
24,39,486.130149898
24,40,23.336126991000004
24,41,0.24889999999999995
24,42,16.35875
24,43,15.467700008999996
24,44,588.679749917
24,45,11.175250023
24,46,14.660799721000002
24,47,14.738450015999996
24,48,13.790400001999998
24,49,5.433396054
24,50,23.198150004999995
24,51,11.197599998000005
24,52,0.8666
24,53,47.83390001899999
24,54,2.02585
24,55,1.026250001
24,56,11.5847
24,57,0.550749918
24,58,59.2876
24,59,5.899400008000001
25,0,8.800050027
25,1,4.390950032
25,2,36.55270000999999
25,3,16.051550237
25,4,2.7211500400000013
25,5,222.840500374
25,6,0.9598500209999999
25,7,114.14285005999999
25,8,18.278550011000004
25,9,83.059950034
25,10,3.3321000720000002
25,11,70.19744999999999
25,12,2.7633500669999997
25,13,2.760340967
25,14,0.237450004
25,15,1.523850008
25,16,5.269000081999999
25,17,0.343650007
25,18,90.70670003700003
25,19,5.913400140999999
25,20,18.273000004000004
25,21,61.26430000999999
25,22,1.750650017
25,23,23.633850058999997
25,24,3.4187388110000003
25,26,2.054500031
25,27,1.3353000000000002
25,28,41.60910023100002
25,29,3.5843499999999993
25,30,7.3968
25,31,0.38925000600000004
25,32,9.084550005
25,33,67.033850249
25,34,5.310195767
25,35,8.818049043
25,36,57.53255001299998
25,37,30.429050007
25,38,0.180650003
25,39,18.106798642
25,40,732.1149011999997
25,41,9.136900037
25,42,9.991100012999999
25,43,5.626700000000001
25,44,0.741198935
25,45,244.558450146
25,46,4.146750066
25,47,4.366900045
25,48,9.081700022
25,49,7.891000056999999
25,50,72.30560001299999
25,51,1.048250007
25,52,22.959500016
25,53,4.499000003
25,54,0.423050004
25,55,4.006600001
25,56,2.5278500000000004
25,57,0.8487
25,58,60.60510004
25,59,8.727950125000001
26,0,7.0659
26,1,18.136249937999995
26,2,16.263449961
26,3,186.01194976800002
26,4,16.75769822500001
26,5,1.317850134
26,6,10.781149906
26,7,6.131049995000001
26,8,26.415449920000004
26,9,3.919299996
26,10,247.998347893
26,11,10.0166
26,12,22.364349789000006
26,13,4.566649999999999
26,14,1.8036998739999999
26,15,119.84714957799996
26,16,18.782547957000002
26,17,0.21874998
26,18,3.8837999980000006
26,19,93.69364912899998
26,20,56.17419984500002
26,21,2.493649997
26,22,19.227599241
26,23,11.805149990999995
26,24,2.8984999999999994
26,25,2.4433502519999997
26,27,0.958699999
26,28,141.97289968400003
26,29,1.5618499959999996
26,30,9.351849987
26,31,3.3949496359999998
26,32,7.106699979000001
26,33,15.612349987000005
26,34,4.334199989999999
26,35,5.512449998
26,36,15.663849975000003
26,37,11.295049977000003
26,38,1.594449818
26,39,7.446400000000001
26,40,3.845750294
26,41,26.085799923999996
26,42,3.4619499920000005
26,43,70.11369979999998
26,44,1.7177
26,45,3.4765499989999995
26,46,6.7971992310000005
26,47,70.39059986799998
26,48,86.408149716
26,49,98.14064959199997
26,50,17.160199971999997
26,51,86.795999623
26,52,35.418199889
26,53,16.80914997
26,54,4.172399988
26,55,0.49224999999999997
26,56,4.9486
26,57,9.868049959999999
26,58,17.461849949999998
26,59,429.8398494420001
27,0,0.62795
27,1,0.2965
27,2,2.15735
27,3,5.297350005
27,4,0.25329999999999997
27,5,0.9760499999999999
27,6,0.25170000000000003
27,7,3.6803
27,8,1.5967500000000001
27,9,1.1129499999999999
27,10,2.5399
27,11,5.1861999999999995
27,12,6.304949999
27,13,0.17005
27,14,0.04835
27,15,0.3604
27,16,0.485099998
27,17,0.0
27,18,1.49575
27,19,6.5569499989999995
27,20,5.6084000000000005
27,21,0.71955
27,22,0.14775
27,23,0.7518500000000001
27,24,0.3939
27,25,0.97455
27,26,0.25029999999999997
27,28,10.148400006
27,29,0.18785000000000002
27,30,0.43615
27,31,0.0
27,32,3.03465
27,33,1.8544
27,34,0.14529999999999998
27,35,0.5395
27,36,1.3484000000000003
27,37,5.4856
27,38,0.0
27,39,0.1455
27,40,1.27555
27,41,9.640900003999999
27,42,0.1971
27,43,3.0881499999999997
27,44,0.6290500000000001
27,45,1.8074
27,46,0.0001
27,47,1.6981999999999995
27,48,1.5239999999999998
27,49,5.0536
27,50,1.5756000000000001
27,51,0.62525
27,52,7.537750000999999
27,53,0.95555
27,54,0.2001
27,55,0.0497
27,56,0.0501
27,57,1.602000001
27,58,1.3074
27,59,4.027050004
28,0,16.813000010000007
28,1,14.039399981000004
28,2,146.66429988499996
28,3,1107.2156002469997
28,4,22.669549051000008
28,5,27.810250625000005
28,6,20.416999911999998
28,7,152.64004996200006
28,8,17.759649985000003
28,9,56.689949985
28,10,305.9293489540001
28,11,163.87044999600005
28,12,123.15044959400001
28,13,6.8992500009999995
28,14,7.6853995390000005
28,15,82.16049982200002
28,16,25.213948632999987
28,17,0.68969998
28,18,47.087299991999984
28,19,163.8726993159999
28,20,542.8314994789995
28,21,54.44009997900001
28,22,21.075599766000007
28,23,33.19010000100001
28,24,4.70605
28,25,41.83115099000001
28,26,90.11935000300004
28,27,23.312999984
28,29,4.834549998
28,30,28.277599989
28,31,3.564499734
28,32,94.899199885
28,33,22.23030000800002
28,34,5.749699995
28,35,22.26370000100001
28,36,31.65419997900002
28,37,474.95199976100014
28,38,1.9141998990000002
28,39,6.6652000000000005
28,40,38.542100995000006
28,41,297.44024979499994
28,42,8.497799988999999
28,43,248.385699713
28,44,2.054249999
28,45,67.81024998000002
28,46,13.324149454000002
28,47,207.06889989099986
28,48,112.72964976600002
28,49,152.09564972
28,50,127.10854993300002
28,51,68.06709981899999
28,52,1152.4037488400004
28,53,29.44249999099999
28,54,7.120349984
28,55,14.052349996000002
28,56,7.0712
28,57,59.798949922999995
28,58,23.094149973
28,59,723.9177002219996
29,0,366.7057500180001
29,1,85.61515002300004
29,2,27.810000006999996
29,3,13.229150015
29,4,29.745500096000004
29,5,25.427400072000008
29,6,4.484800002
29,7,12.978600007999999
29,8,1073.8379994890001
29,9,39.76475001899997
29,10,9.863000012999999
29,11,47.18415
29,12,1.313450001
29,13,272.453499954
29,14,7.421800021000001
29,15,29.851150009999998
29,16,46.324750153
29,17,2.5616000050000003
29,18,43.228800018
29,19,7.743150011000002
29,20,11.877300001
29,21,17.152450002000005
29,22,68.17200008500001
29,23,385.6431998490001
29,24,535.6527498570001
29,25,20.128250063999992
29,26,1.7346
29,27,0.5541
29,28,3.715350001
29,30,29.707749988
29,31,5.335200012999999
29,32,3.7042499999999996
29,33,159.23620002899992
29,34,173.027649928
29,35,483.4206998590003
29,36,170.53649992500002
29,37,12.297700004000005
29,38,6.2743500150000004
29,39,129.002899991
29,40,44.439100098000004
29,41,0.8122000010000001
29,42,53.802499988000015
29,43,14.228750004999998
29,44,561.908249761
29,45,14.594100009000003
29,46,31.432650103
29,47,9.862400005000001
29,48,49.11910001
29,49,13.522200002999998
29,50,39.531849998000006
29,51,48.63505001000002
29,52,3.7271500009999996
29,53,172.56449992199998
29,54,5.0194
29,55,1.8741500000000002
29,56,11.310100000000002
29,57,0.45605
29,58,257.0802999129999
29,59,9.020400009000001
30,0,96.135550004
30,1,6.800049999999999
30,2,141.916599987
30,3,18.696950025000003
30,4,2.9941499719999998
30,5,31.995200066000006
30,6,0.7618000000000001
30,7,24.463449998
30,8,92.307750004
30,9,106.05074998600001
30,10,11.679500009999998
30,11,13.897550000000003
30,12,2.45445
30,13,16.019600001
30,14,2.7796499699999995
30,15,7.0020500000000006
30,16,3.5531999599999997
30,17,0.309099997
30,18,194.359949957
30,19,8.154250003999996
30,20,95.50935000000001
30,21,64.82309998300002
30,22,6.661699966
30,23,95.00009999199996
30,24,7.8926
30,25,23.820350053
30,26,1.4677500010000002
30,27,1.1119500000000002
30,28,25.317450017
30,29,21.274550000000016
30,31,0.6283999920000001
30,32,7.002800001999999
30,33,526.0491499220001
30,34,23.82045000400001
30,35,25.56824999300001
30,36,162.78084994600002
30,37,95.189849992
30,38,1.829649978
30,39,12.72885
30,40,56.447900066999985
30,41,4.376800001
30,42,12.104950000999999
30,43,35.087900000000005
30,44,10.274000000000001
30,45,61.87769998799998
30,46,4.489399944
30,47,10.057050001999997
30,48,24.214350000000003
30,49,5.9644000010000005
30,50,363.35154985500003
30,51,7.719149999
30,52,29.546500007000002
30,53,291.23954987299993
30,54,1.0980500000000002
30,55,1.56835
30,56,3.0829499999999994
30,57,1.2236500000000001
30,58,98.03075000500003
30,59,11.933500014999998
31,0,8.016700009000001
31,1,13.560100007
31,2,1.4295499999999999
31,3,5.209749939
31,4,151.042100526
31,5,0.46505004299999997
31,6,6.2346000120000005
31,7,0.2964
31,8,10.361650001000001
31,9,1.1668
31,10,3.3673499980000003
31,11,1.57545
31,12,0.33445
31,13,2.8014499969999997
31,14,6.83635
31,15,6.726100003999999
31,16,61.00095021800001
31,17,15.009850059
31,18,1.1895000000000002
31,19,4.901600009999999
31,20,3.9305499999999998
31,21,0.5784
31,22,12.484500029
31,23,7.916950001999998
31,24,0.7995999999999999
31,25,0.093750009
31,26,1.6357499810000002
31,27,0.0493
31,28,1.7480999870000002
31,29,3.93185
31,30,0.08345
31,32,0.10025
31,33,6.5355000049999985
31,34,4.5379499999999995
31,35,5.1820000010000005
31,36,2.4724
31,37,1.1748
31,38,95.529900373
31,39,80.44745
31,40,1.2507000770000003
31,41,0.31494999700000004
31,42,2.9606500000000002
31,43,1.5812
31,44,1.39145
31,45,0.23399999999999999
31,46,83.933950323
31,47,1.063799995
31,48,13.964600006
31,49,4.033850001
31,50,1.5073499989999997
31,51,20.403550013999997
31,52,0.29945
31,53,4.2412
31,54,23.288700017
31,55,0.0
31,56,220.18400000000003
31,57,0.2269
31,58,6.11385
31,59,2.328449971
32,0,2.1078499999999996
32,1,0.8715499999999998
32,2,24.489950000000004
32,3,59.283300098
32,4,0.6275499979999999
32,5,7.651750016000001
32,6,0.20354999999999998
32,7,76.70134999499999
32,8,6.462999999999999
32,9,4.880749999999997
32,10,8.793100002000001
32,11,49.40205000000001
32,12,9.368999999
32,13,0.94615
32,14,0.1883
32,15,2.1630999999999996
32,16,0.49554999899999996
32,17,0.0
32,18,10.433399999999995
32,19,8.542999999999997
32,20,51.55990000000001
32,21,6.38785
32,22,0.34465
32,23,2.860099999999999
32,24,2.0708499999999996
32,25,7.473800016000001
32,26,3.3444000039999997
32,27,7.653950002
32,28,75.78960008100002
32,29,1.0126
32,30,3.4691500000000004
32,31,0.0
32,33,9.342250005999997
32,34,0.70915
32,35,1.6256000000000002
32,36,8.713749999999997
32,37,114.52855000500004
32,38,0.10095
32,39,0.5057499999999999
32,40,8.278000015
32,41,15.292350011000002
32,42,0.8059500000000002
32,43,28.246450001
32,44,1.3035000000000003
32,45,25.741099998000003
32,46,0.10025
32,47,14.852400012
32,48,9.678849996999999
32,49,6.9266
32,50,15.894299999999994
32,51,2.2275
32,52,136.852900037
32,53,6.693000001
32,54,0.1444
32,55,4.3927000000000005
32,56,0.3006
32,57,5.654300001999999
32,58,5.967549999999999
32,59,20.647350030000005
33,0,1435.1197513740005
33,1,58.18730008400001
33,2,176.94975014400012
33,3,103.53550023599996
33,4,54.48020021199999
33,5,129.97875055899996
33,6,11.26945002
33,7,57.09380005999997
33,8,553.0985504960001
33,9,1184.4183017640003
33,10,75.54055016
33,11,68.263050003
33,12,6.986100013000001
33,13,144.31330040999998
33,14,15.843400059000002
33,15,45.76165006599998
33,16,62.91360025300001
33,17,5.783900022999999
33,18,483.62465065999993
33,19,36.43865007
33,20,107.54970008899994
33,21,155.95520011200009
33,22,59.12550015399998
33,23,3575.6634019679996
33,24,260.264050759
33,25,116.366200502
33,26,13.167950027999998
33,27,2.89815
33,28,163.05600031900005
33,29,451.9257504460001
33,30,802.6427001980003
33,31,8.427600036999998
33,32,25.591500036000006
33,34,63.46960007000003
33,35,1689.9181510529995
33,36,784.4918501669999
33,37,140.210200118
33,38,8.902500036
33,39,156.07040011900008
33,40,644.7124517230002
33,41,21.805950032000002
33,42,50.13900004600002
33,43,103.19645009700005
33,44,228.404200308
33,45,174.79670023399999
33,46,42.588400181000004
33,47,45.05310005800001
33,48,92.99910010599999
33,49,101.65255006099999
33,50,488.0000502280001
33,51,55.50545007900003
33,52,102.72055016099996
33,53,2635.1460008
33,54,11.377600015
33,55,3.6309000020000006
33,56,36.05860000000001
33,57,5.7363500100000016
33,58,227.60730020000014
33,59,71.56740015899994
34,0,8.686399999999999
34,1,53.305750000000025
34,2,21.451350000999994
34,3,2.29345
34,4,13.767249997000002
34,5,1.0394981929999998
34,6,1.464099437
34,7,1.2390499999999998
34,8,169.455049918
34,9,0.6742
34,10,2.1869493689999997
34,11,1.2277500000000001
34,12,0.17869976499999998
34,13,117.903199947
34,14,4.1245499930000005
34,15,5.39765
34,16,28.109699973
34,17,0.9331999959999999
34,18,2.22965
34,19,0.762599828
34,20,24.7943
34,21,8.8741
34,22,44.13044999899999
34,23,15.494199998000001
34,24,38.436749985
34,25,1.108597579
34,26,0.7239
34,27,0.26639999999999997
34,28,1.5732500000000003
34,29,47.414499985000006
34,30,6.20175
34,31,2.650150001
34,32,0.31889999999999996
34,33,8.204300000999998
34,35,12.478450000000002
34,36,93.14619996600003
34,37,6.40835
34,38,1.531699995
34,39,9.4825
34,40,0.34085
34,41,0.2865
34,42,22.440799991
34,43,10.904800000000002
34,44,18.576799993
34,45,5.840250000999999
34,46,11.047499993
34,47,3.14275
34,48,55.66880000100001
34,49,1.054349837
34,50,34.786449993
34,51,20.200599998999998
34,52,1.30705
34,53,43.00564998700001
34,54,5.59595
34,55,0.18575
34,56,3.9127
34,57,0.177
34,58,263.100649897
34,59,1.7347499999999998
35,0,1121.0507008310003
35,1,45.966700033
35,2,38.542700024999995
35,3,65.14105013999998
35,4,32.058599939
35,5,68.25492100499999
35,6,3.589149736000001
35,7,40.060900048
35,8,291.40325020699987
35,9,128.79820016099998
35,10,23.797847640999994
35,11,111.48940000199998
35,12,11.463000006999998
35,13,149.71690028199998
35,14,4.740449999999998
35,15,17.554500010999995
35,16,42.004999976000015
35,17,3.2808999899999995
35,18,170.36940022
35,19,20.649895193000003
35,20,34.79245001799998
35,21,106.47160010800005
35,22,35.229500005
35,23,1596.145650252002
35,24,214.32635045700005
35,25,95.29828553599997
35,26,11.201700022000004
35,27,4.919850003
35,28,59.637450110999985
35,29,529.0357504060003
35,30,58.109000016999964
35,31,3.6289499820000004
35,32,15.963150022000002
35,33,976.3736007419996
35,34,35.62080002600002
35,36,123.81960003199993
35,37,81.66175007499997
35,38,3.6268000049999998
35,39,176.46460008
35,40,183.96728863200005
35,41,25.064750032000006
35,42,24.93080001199999
35,43,54.71090004500002
35,44,219.93925022199997
35,45,79.17510010600002
35,46,27.969499991999996
35,47,38.155850049
35,48,46.735600025000004
35,49,26.384998337
35,50,60.74220003600001
35,51,35.893800016
35,52,50.19010007700002
35,53,443.49015013300004
35,54,4.04075
35,55,3.9219500030000005
35,56,10.9667
35,57,3.426250004
35,58,73.07675005
35,59,58.71305013099999
36,0,193.45345001100003
36,1,83.47445002499997
36,2,471.43430000900014
36,3,105.501100171
36,4,65.50294990200003
36,5,47.45140009999999
36,6,3.7172000039999995
36,7,59.95220000000001
36,8,959.3208499799999
36,9,76.37005
36,10,92.41735015200001
36,11,84.50484999999999
36,12,7.7315000110000005
36,13,247.37660007799994
36,14,11.643599988000004
36,15,71.68255002500001
36,16,91.66794991500004
36,17,3.9836499960000005
36,18,109.11449999699998
36,19,53.083900081
36,20,285.7781500420002
36,21,122.12919997500005
36,22,59.281650001999985
36,23,122.09029996599995
36,24,101.98610004099999
36,25,60.37700013300001
36,26,15.137700022000006
36,27,2.8127999999999993
36,28,48.978950048
36,29,160.17754999700003
36,30,173.670249924
36,31,11.788800002
36,32,22.482950004000006
36,33,442.9498999410002
36,34,306.1782999910001
36,35,113.91949997300001
36,37,203.08374999499995
36,38,7.320749988999999
36,39,73.96130000499998
36,40,70.40795011199995
36,41,7.374800003
36,42,147.45914998499998
36,43,197.09265002999993
36,44,142.58430001299996
36,45,103.73404999400005
36,46,57.795999932
36,47,86.80145004799999
36,48,262.263050061
36,49,60.218150044999994
36,50,698.7730996929997
36,51,85.18960003100003
36,52,45.606150013000004
36,53,810.7383996320004
36,54,5.419550000000001
36,55,4.71995
36,56,26.577049999999993
36,57,4.249000001000001
36,58,1441.7919998129998
36,59,121.136250187
37,0,13.555600005999992
37,1,1.8000000000000005
37,2,322.89465003
37,3,139.071850227
37,4,3.3808999830000004
37,5,32.799950067999994
37,6,1.70595
37,7,307.3296499639999
37,8,58.657550006000015
37,9,48.05809999699998
37,10,19.240750015
37,11,157.04934999600002
37,12,9.104850005000001
37,13,14.872050004000004
37,14,0.409499998
37,15,7.784599999999999
37,16,2.168449988
37,17,0.147949999
37,18,86.46594999299992
37,19,12.925100007
37,20,374.20335009399975
37,21,133.9564999829999
37,22,2.2678499920000004
37,23,21.06735000100002
37,24,9.593200003
37,25,33.740400066999996
37,26,5.755900005000002
37,27,10.721750001999999
37,28,501.20895040199986
37,29,5.345799999999999
37,30,82.30014998999997
37,31,0.765649992
37,32,135.87095007200003
37,33,60.75055001699997
37,34,7.35985
37,35,11.775050001000007
37,36,99.44074999099996
37,38,0.10064999999999999
37,39,3.6453999999999995
37,40,33.61425005400002
37,41,47.00075002399999
37,42,2.830250000000001
37,43,124.99095002099999
37,44,11.727750003999999
37,45,115.99099998000001
37,46,1.380999995
37,47,27.144750014000017
37,48,27.62555000199999
37,49,11.682250001999998
37,50,454.3385499529997
37,51,6.932700000000002
37,52,542.1685002710001
37,53,39.982599998000005
37,54,0.9027999999999999
37,55,26.948799994999998
37,56,0.8562
37,57,6.733200001000001
37,58,44.34570000199999
37,59,67.36840010600001
38,0,4.056650005
38,1,7.3493499999999985
38,2,1.15145
38,3,1.2225499830000002
38,4,101.57085037399999
38,5,0.150350014
38,6,2.178750002
38,7,0.1507
38,8,5.751500000000001
38,9,0.7146500000000001
38,10,1.801499999
38,11,0.3109
38,12,0.2233
38,13,1.0219
38,14,0.9814
38,15,3.4242999999999997
38,16,47.72470017699999
38,17,3.9915000160000003
38,18,0.5512500000000001
38,19,2.9124500029999996
38,20,2.3125999999999998
38,21,0.31425000000000003
38,22,8.836050022
38,23,7.241099996
38,24,1.247599999
38,25,0.10025001000000001
38,26,0.5495499939999999
38,27,0.09625
38,28,1.0848499950000001
38,29,4.07655
38,30,0.15189999999999998
38,31,94.739900373
38,32,0.1506
38,33,2.8519500009999996
38,34,0.72975
38,35,3.6047500009999998
38,36,1.13855
38,37,0.30679999999999996
38,39,32.801649999999995
38,40,0.7039500360000001
38,41,0.151449998
38,42,1.8679
38,43,1.0008000000000001
38,44,0.5447000000000001
38,45,0.048
38,46,54.950850216
38,47,0.723199994
38,48,5.212050000000001
38,49,2.614850001
38,50,0.40565
38,51,10.446300004
38,52,0.20320000000000002
38,53,1.7288999999999999
38,54,10.003150007
38,55,0.0
38,56,30.5664
38,57,5e-05
38,58,3.9518
38,59,1.2272999820000001
39,0,72.950650011
39,1,39.987500000999994
39,2,12.80845
39,3,21.193650003000002
39,4,55.282199948000006
39,5,8.202592278000001
39,6,4.107598264
39,7,2.18225
39,8,42.67889999999999
39,9,19.609050004000004
39,10,22.54629854
39,11,0.5598
39,12,3.5129
39,13,262.564399951
39,14,14.432399992
39,15,23.691499999999998
39,16,77.357549987
39,17,72.61624999099999
39,18,30.979950004000006
39,19,16.517098282000003
39,20,17.458399999999997
39,21,6.8237500010000005
39,22,22.976299982000004
39,23,67.28915001200001
39,24,189.74499996199998
39,25,6.886945642000001
39,26,8.048850001
39,27,0.6201
39,28,10.38585
39,29,47.126050001
39,30,3.9077500000000005
39,31,70.996749929
39,32,1.774
39,33,28.821100017
39,34,17.354899998
39,35,43.444550004
39,36,16.850099999999998
39,37,3.2448
39,38,25.750499968000003
39,40,16.565141012
39,41,6.336199791000001
39,42,16.77605
39,43,9.631149999999998
39,44,75.667099989
39,45,1.8221
39,46,51.470599996
39,47,14.84075
39,48,35.83005
39,49,7.735650000000001
39,50,6.46965
39,51,26.472399996
39,52,1.3991500000000001
39,53,12.824250001
39,54,8.57365
39,55,0.34645
39,56,6.40485
39,57,2.0138
39,58,50.12265000000001
39,59,13.607300001999999
40,0,37.485100041
40,1,3.7204000139999995
40,2,22.129800005999996
40,3,16.713150167
40,4,3.7880000079999996
40,5,840.995651507
40,6,0.20035000199999997
40,7,140.38690007199995
40,8,14.047200002
40,9,551.537350141
40,10,4.400850074000001
40,11,148.59820000299993
40,12,5.051500074999999
40,13,6.877191978
40,14,0.662500003
40,15,1.6394000069999999
40,16,5.680000052
40,17,0.24240000399999997
40,18,324.8281000850003
40,19,6.388700114999999
40,20,13.870200002
40,21,83.502550005
40,22,1.34165001
40,23,172.32450015700007
40,24,14.422523988
40,25,1128.9220019979998
40,26,0.7765500099999999
40,27,4.207750001
40,28,33.82350012
40,29,15.989600001999998
40,30,20.737700001
40,31,0.9669000139999998
40,32,16.45155001
40,33,446.73235100200003
40,34,0.75105
40,35,59.92949906899996
40,36,28.598200001999995
40,37,27.542700003999986
40,38,0.174000003
40,39,16.134497319
40,41,12.970700021999997
40,42,4.772150003
40,43,5.4138
40,44,8.083597900999997
40,45,194.37590009199994
40,46,0.8875500119999999
40,47,4.050600029
40,48,7.968100012999999
40,49,3.9490000100000002
40,50,65.34935000700001
40,51,3.0904500160000006
40,52,25.526000013000004
40,53,55.366700017999996
40,54,1.1756500019999998
40,55,8.263400003000001
40,56,2.4696
40,57,2.665050001
40,58,16.043400006000002
40,59,10.060250098000001
41,0,3.688000001
41,1,2.800549999
41,2,11.387699995000004
41,3,92.76930009
41,4,2.802449966999999
41,5,1.7235000470000001
41,6,8.738199988
41,7,19.076599994999995
41,8,3.0286499979999997
41,9,3.7193499999999995
41,10,80.262749955
41,11,40.50609999899999
41,12,240.15694989399992
41,13,0.47564999999999996
41,14,1.7734999859999998
41,15,7.114249986
41,16,3.4860999180000003
41,17,0.100049994
41,18,5.751149999999999
41,19,149.398550017
41,20,36.36904998700001
41,21,3.99835
41,22,1.747649953
41,23,2.5235
41,24,0.2787
41,25,4.630300089
41,26,11.313450004999995
41,27,19.634749998999997
41,28,296.10425002499994
41,29,0.7169999999999999
41,30,2.27285
41,31,0.33369998300000003
41,32,12.753799994999998
41,33,4.5028000010000016
41,34,0.38604999999999995
41,35,3.747549982
41,36,2.8315500000000005
41,37,38.660149985
41,38,0.195349999
41,39,3.0281499999999997
41,40,6.991250099999998
41,42,0.891249999
41,43,18.698099987
41,44,0.37655
41,45,6.801299998999999
41,46,0.6866499820000002
41,47,23.154600002
41,48,9.689549989999998
41,49,127.97884995399998
41,50,11.352849996999998
41,51,6.707549983999998
41,52,96.617349935
41,53,3.644799999000001
41,54,2.9082499960000003
41,55,2.4553499989999996
41,56,0.7825
41,57,132.04314994700002
41,58,2.7506000000000004
41,59,96.84870011699998
42,0,32.346399997
42,1,161.976799998
42,2,28.3354
42,3,29.032750023
42,4,64.985300189
42,5,2.305900016
42,6,4.017300005
42,7,5.418750000999999
42,8,217.78384987900003
42,9,5.9652000009999995
42,10,14.702500015000004
42,11,17.9238
42,12,1.00035
42,13,66.52019997199999
42,14,9.502950025
42,15,45.37924999800002
42,16,107.91065032700003
42,17,3.4134000100000006
42,18,7.563050001
42,19,7.3985000099999985
42,20,93.90355000000004
42,21,2.5462499999999997
42,22,109.57660015
42,23,82.72544996100002
42,24,23.092399994
42,25,4.612150068
42,26,4.150800002
42,27,0.41245
42,28,25.74950001000001
42,29,37.59014998900001
42,30,6.976799998999999
42,31,8.589500025
42,32,4.1169
42,33,14.883700000000006
42,34,41.474299984
42,35,50.579099977999995
42,36,55.62519998099998
42,37,12.252249999999998
42,38,7.8862500230000006
42,39,19.85125
42,40,7.854850129999998
42,41,1.9313500000000001
42,43,51.940049999999985
42,44,21.19079999099999
42,45,2.8011500010000008
42,46,59.96260017799999
42,47,24.602000010000005
42,48,214.33954999699995
42,49,13.563650007
42,50,17.017549998999996
42,51,82.39324999500005
42,52,16.590700002
42,53,40.515949987
42,54,11.19405
42,55,0.5683500000000001
42,56,17.59605
42,57,1.0539999999999998
42,58,286.16184984599994
42,59,16.806950014
43,0,37.05925003699999
43,1,38.13400002199999
43,2,318.065750114
43,3,415.6271507250001
43,4,15.808350061
43,5,3.3880000050000003
43,6,13.813800028000001
43,7,51.636000001000006
43,8,79.11985002800002
43,9,14.763550000000002
43,10,145.92990029699996
43,11,56.95930000000001
43,12,13.621250028
43,13,17.120250015
43,14,3.454300013
43,15,116.80900007499999
43,16,24.089150092999994
43,17,1.6556500060000001
43,18,12.24205
43,19,53.84945011199999
43,20,861.5471504270001
43,21,11.237600000000002
43,22,24.354700043999994
43,23,38.993500016
43,24,13.470600011000002
43,25,3.890900006
43,26,52.28240009200001
43,27,3.9733000009999992
43,28,377.50460043500004
43,29,14.429200003
43,30,75.17305000200002
43,31,2.618550008
43,32,35.942300016999994
43,33,69.13020004200001
43,34,13.177500004999997
43,35,35.30935002499999
43,36,184.08980004799994
43,37,248.15100007
43,38,1.5693000070000003
43,39,7.795800000000001
43,40,9.654900014999999
43,41,29.15100002099999
43,42,22.164150006999996
43,44,11.214050006000004
43,45,12.116200000000001
43,46,9.799000032999999
43,47,201.692750287
43,48,273.92710017099995
43,49,99.496250088
43,50,203.716850001
43,51,100.58135006399998
43,52,195.282700112
43,53,103.49665002400002
43,54,7.960850005
43,55,3.9043
43,56,11.54005
43,57,8.941850007
43,58,98.11070003599998
43,59,187.42600032899998
44,0,71.520900018
44,1,17.84725
44,2,11.935200002
44,3,4.6597000049999995
44,4,3.2634999919999994
44,5,4.236491826999999
44,6,1.2676494639999998
44,7,3.0610999999999993
44,8,304.29704989000004
44,9,10.843000003999999
44,10,5.565247279
44,11,9.43995
44,12,0.533499912
44,13,343.7209498379999
44,14,2.945049992
44,15,3.5922999999999994
44,16,8.410399992
44,17,1.9661999730000004
44,18,10.155000001
44,19,4.469548925999998
44,20,7.0950999999999995
44,21,13.543450000999998
44,22,11.661899995000002
44,23,84.55789998700001
44,24,563.380099746
44,25,2.229240968
44,26,1.145350001
44,27,0.5204
44,28,0.46495
44,29,370.0068998430001
44,30,5.5656499980000005
44,31,2.4428999740000004
44,32,1.0783999999999998
44,33,57.408050015000015
44,34,27.406499989999997
44,35,63.050199979999974
44,36,69.96604997099999
44,37,4.87945
44,38,0.9019999969999999
44,39,109.36344997
44,40,6.436938379999997
44,41,0.294
44,42,14.443299996
44,43,6.52595
44,45,5.380950002
44,46,5.994099996999999
44,47,5.487350002
44,48,13.998299998999999
44,49,3.8332994689999995
44,50,22.432549995000002
44,51,7.9567
44,52,0.7965
44,53,49.26369998499999
44,54,2.09235
44,55,0.60905
44,56,3.981
44,57,0.29264999999999997
44,58,91.82669995800002
44,59,4.235300003999999
45,0,9.570200005
45,1,4.553400000999999
45,2,89.22349999499998
45,3,22.445750036
45,4,3.7639499899999986
45,5,207.461500516
45,6,0.5083500000000001
45,7,347.33864994799995
45,8,90.778700049
45,9,163.990549982
45,10,8.694200010000001
45,11,141.689249997
45,12,1.8143
45,13,20.701900029
45,14,0.5486500000000001
45,15,1.7081000000000002
45,16,3.510049989999999
45,17,0.26695
45,18,383.76559994499996
45,19,5.460950003
45,20,30.13790000000001
45,21,158.69584998000002
45,22,2.079949998
45,23,51.62120003500001
45,24,9.735450014
45,25,236.477450583
45,26,3.071400003
45,27,3.5096500000000006
45,28,76.92060004300002
45,29,6.819650000000003
45,30,40.275099993999994
45,31,0.37770000000000004
45,32,46.090350009000005
45,33,139.17000021
45,34,26.947800023
45,35,15.864650006999996
45,36,153.63395000099996
45,37,128.979699996
45,38,0.09575
45,39,19.022000007000003
45,40,181.66020039200006
45,41,12.522900003999997
45,42,17.806400009
45,43,8.351650000000003
45,44,5.576050004000001
45,46,0.869649998
45,47,5.434150004
45,48,5.8534999999999995
45,49,4.952550001
45,50,309.487249956
45,51,2.1189999999999998
45,52,104.921300012
45,53,14.549550000999998
45,54,0.4412
45,55,21.020249997
45,56,1.3224500000000001
45,57,1.6332
45,58,94.006750042
45,59,14.655100021000006
46,0,26.675400038000006
46,1,119.53490007599997
46,2,7.002600000999999
46,3,9.282049894
46,4,668.308452462
46,5,4.318550401
46,6,19.198350037
46,7,1.6969500010000003
46,8,49.731000010999985
46,9,2.9711500010000003
46,10,14.427099979000003
46,11,1.59695
46,12,0.7068000010000001
46,13,15.927099972999995
46,14,65.004100238
46,15,40.935550023
46,16,625.1923023979999
46,17,64.696500254
46,18,7.834600004
46,19,14.900700027000001
46,20,11.378000003000002
46,21,2.1474499980000004
46,22,203.28445048299994
46,23,54.67459999700001
46,24,14.110299972999998
46,25,1.29125012
46,26,2.888149967
46,27,0.49805
46,28,12.059649926000002
46,29,26.743650009
46,30,2.048949999
46,31,150.861400599
46,32,1.63605
46,33,10.421600004000004
46,34,19.502349999
46,35,28.329250001
46,36,10.322850000000006
46,37,2.4100499999999996
46,38,84.541950324
46,39,95.89965
46,40,6.368500371999998
46,41,1.198999997
46,42,21.379350008
46,43,5.393200002
46,44,12.100850000000001
46,45,0.54995
46,47,5.184949964
46,48,60.57855003900003
46,49,16.180050011
46,50,5.159849996000001
46,51,176.15255013899989
46,52,4.879099999999999
46,53,12.045400004000001
46,54,40.893400027999995
46,55,0.0
46,56,82.43825
46,57,0.7461500000000001
46,58,29.133000003
46,59,8.815849892
47,0,20.40405000799999
47,1,28.452949975000006
47,2,70.02899995799999
47,3,425.06290008600007
47,4,12.151449414000002
47,5,2.470200102
47,6,12.234949943000002
47,7,14.031549993999997
47,8,47.33464993900001
47,9,7.075549997000001
47,10,213.43609914
47,11,28.926699999999997
47,12,15.370599915000001
47,13,11.728800006000004
47,14,2.9564499300000002
47,15,114.76559982300002
47,16,24.550748657999993
47,17,0.35234999499999997
47,18,5.8906999980000005
47,19,73.564049619
47,20,308.8882998080001
47,21,6.9146999949999985
47,22,21.178649523999997
47,23,15.374950002999999
47,24,10.398450005000003
47,25,5.426800225000001
47,26,62.50115001399999
47,27,2.756699998
47,28,265.1310997300001
47,29,10.962949991999999
47,30,19.055999987000003
47,31,2.615449749
47,32,19.085099967999998
47,33,25.653200006000006
47,34,6.300049996
47,35,22.173150004999997
47,36,68.002899961
47,37,41.436899973999985
47,38,0.9565499620000001
47,39,7.007000000000001
47,40,5.312700220999999
47,41,30.521449952
47,42,12.776399992
47,43,227.698399654
47,44,9.665949989999998
47,45,7.258099999000001
47,46,10.851899295
47,48,221.37799970700001
47,49,94.36224980200001
47,50,51.634149968999985
47,51,88.79474985299998
47,52,84.45734986199997
47,53,36.07264997300001
47,54,5.626499989
47,55,1.1876
47,56,4.48435
47,57,6.072599985999999
47,58,49.01184995000002
47,59,251.927699954
48,0,46.45200003799998
48,1,595.8343500279998
48,2,154.25550000099992
48,3,416.2027004769999
48,4,166.35765052599996
48,5,5.960350073
48,6,63.491850093
48,7,24.760300002000005
48,8,129.14425
48,9,74.38930000000002
48,10,297.14830047600003
48,11,81.89644999999999
48,12,20.698200035
48,13,84.78245003499997
48,14,26.579650082999997
48,15,841.106250056
48,16,294.18150093699984
48,17,9.880750034
48,18,11.827599999999999
48,19,126.90020022299998
48,20,402.47000000300017
48,21,8.0508
48,22,409.57175046500004
48,23,41.56094999600001
48,24,18.589400013000002
48,25,7.814650171999999
48,26,70.57845007799999
48,27,3.69205
48,28,214.32400013800006
48,29,31.55805000099999
48,30,51.06289999699998
48,31,28.448950091
48,32,16.763900002
48,33,46.333000026999976
48,34,87.92440000600001
48,35,49.029950017000026
48,36,151.77919999199997
48,37,80.37705000400001
48,38,14.893450048000002
48,39,41.344850001
48,40,10.511150144
48,41,18.482500006000002
48,42,164.76304999300004
48,43,308.404149992
48,44,29.453400007
48,45,9.904300000000001
48,46,121.04745040200001
48,47,225.51920010499998
48,49,140.853900121
48,50,94.85304999300001
48,51,790.0520500910001
48,52,87.01930001699998
48,53,74.577100006
48,54,38.6819
48,55,1.7808499999999998
48,56,36.1627
48,57,10.608400002000003
48,58,368.59264995700005
48,59,338.4663003999999
49,0,10.906150000000006
49,1,12.3478
49,2,8.4772
49,3,56.79990001399998
49,4,21.361600024999998
49,5,2.3172499999999996
49,6,78.172400068
49,7,3.9154000000000004
49,8,14.085999999999999
49,9,6.04805
49,10,384.14225044499995
49,11,1.9917500000000001
49,12,127.703250069
49,13,2.2357996709999997
49,14,10.329100017
49,15,29.761350002000004
49,16,15.602000014999998
49,17,1.5572000040000002
49,18,3.8162500000000006
49,19,1037.557151
49,20,39.07760000000002
49,21,4.2128499999999995
49,22,6.858350005000001
49,23,13.389850000000001
49,24,1.6069997350000003
49,25,3.438750001
49,26,31.161550008
49,27,4.2797
49,28,50.23800000800001
49,29,4.27015
49,30,6.563499999999999
49,31,4.778100004
49,32,5.2318999999999996
49,33,20.678849999999997
49,34,1.216
49,35,13.074599898000004
49,36,15.840800000000002
49,37,5.3165000000000004
49,38,2.1136000029999997
49,39,5.5607
49,40,2.2670000020000005
49,41,77.25360001700002
49,42,2.71505
49,43,29.195799999999995
49,44,3.348699919
49,45,3.6307
49,46,7.95165001
49,47,29.721300004
49,48,38.11615000100001
49,50,9.40825
49,51,34.97020000099998
49,52,10.572400001
49,53,8.13825
49,54,35.000300001
49,55,0.35519999999999996
49,56,3.6061
49,57,46.746350011000004
49,58,14.540049999999999
49,59,142.192650042
50,0,90.87090001099997
50,1,32.93375000899999
50,2,516.266449978
50,3,128.10575022699996
50,4,24.602799810000004
50,5,102.68365021400002
50,6,3.922550002000001
50,7,84.76839998500004
50,8,443.2116500400002
50,9,164.45929996899997
50,10,71.623550099
50,11,45.65325000000001
50,12,8.49100001
50,13,138.3248500370001
50,14,3.736799964
50,15,47.96640001500001
50,16,26.960999743999995
50,17,1.973499976
50,18,322.76669992899997
50,19,42.382900052
50,20,497.54825001000006
50,21,253.759049927
50,22,19.870349912000005
50,23,59.03529999400001
50,24,49.270800015000006
50,25,85.11985017399998
50,26,11.425850018000002
50,27,3.22825
50,28,154.29110014399996
50,29,41.60574999999999
50,30,376.09429987799996
50,31,6.826649948000001
50,32,30.339500015000002
50,33,310.0101499859997
50,34,134.853350013
50,35,43.41799999200003
50,36,777.9034497480002
50,37,555.0356499349999
50,38,4.37879997
50,39,36.102400001999996
50,40,111.82610016799998
50,41,15.344400006999996
50,42,50.47385
50,43,201.541300004
50,44,62.599600007999996
50,45,267.75869993799995
50,46,27.817849745000004
50,47,58.960500034000006
50,48,109.35540001199999
50,49,50.11895002000001
50,51,34.513000010000006
50,52,157.93295006999998
50,53,354.907099858
50,54,8.310650002
50,55,3.7678999999999996
50,56,14.469700000000001
50,57,3.3945
50,58,478.05185003599985
50,59,127.157000218
51,0,41.04135002399999
51,1,511.20684995100027
51,2,22.737949997999994
51,3,92.42200006
51,4,224.44035062499998
51,5,1.6328501109999998
51,6,53.94220007399999
51,7,1.7787000000000002
51,8,80.74224997800003
51,9,3.85125
51,10,144.838800193
51,11,4.86905
51,12,7.187400009999998
51,13,19.932549999000003
51,14,32.263250090999996
51,15,500.14804995399993
51,16,280.66745082399984
51,17,12.781600039
51,18,3.5525499999999997
51,19,51.752600073
51,20,64.05764999800002
51,21,1.2204
51,22,387.4204004889999
51,23,58.10239999100003
51,24,6.0371500000000005
51,25,1.20195008
51,26,45.98990002199998
51,27,0.93905
51,28,38.37275000900001
51,29,30.7527
51,30,2.2816500000000004
51,31,34.064450106
51,32,1.7396500000000001
51,33,15.781500004999998
51,34,19.001549995999998
51,35,32.08669999699998
51,36,16.499349999999996
51,37,6.733950000000004
51,38,21.498350065
51,39,23.113399999999995
51,40,8.452600286000001
51,41,6.808799999
51,42,46.90444999
51,43,62.90044999399999
51,44,14.381849997999996
51,45,1.1836499999999999
51,46,139.241650425
51,47,57.103100008999995
51,48,521.0326499429999
51,49,67.647800035
51,50,7.033550000000001
51,52,8.640799999999999
51,53,14.312100001000003
51,54,60.959949995
51,55,0.27199999999999996
51,56,29.45465
51,57,5.199350000000002
51,58,69.13099998199999
51,59,105.07510006600005
52,0,8.992900006000003
52,1,2.6078
52,2,128.804750008
52,3,472.88615077099996
52,4,2.655349998000001
52,5,12.092150027000002
52,6,4.905400000999999
52,7,144.198399986
52,8,7.907099999999999
52,9,19.641999999
52,10,59.339150034
52,11,52.952799998999986
52,12,20.409200001000002
52,13,2.4491499999999995
52,14,1.6740999949999997
52,15,15.518799994
52,16,3.197499992
52,17,0.153649999
52,18,23.383049999000004
52,19,25.944450007
52,20,357.8121000369999
52,21,34.62735
52,22,3.602999997
52,23,11.171000003
52,24,1.6765500000000002
52,25,14.240850031
52,26,21.322050032000003
52,27,12.393700005000001
52,28,1078.4964510259997
52,29,1.1447500000000002
52,30,17.629049999999996
52,31,0.48605000099999995
52,32,156.34290006000003
52,33,26.772150023000012
52,34,1.91805
52,35,5.858850001
52,36,17.70255
52,37,449.03280001999997
52,38,0.26084999999999997
52,39,1.7622499999999999
52,40,6.792550007
52,41,95.412100069
52,42,1.8721000000000003
52,43,158.89460001399996
52,44,2.17815
52,45,65.96619999
52,46,2.214699994
52,47,74.93040007500001
52,48,50.629299994
52,49,23.343050006
52,50,95.22389999900003
52,51,11.540699993999999
52,53,13.955100001
52,54,1.3847
52,55,11.513749999
52,56,1.71875
52,57,11.294300004
52,58,10.107999999999999
52,59,200.96830032200003
53,0,564.8473500569999
53,1,30.191350013999998
53,2,179.072600005
53,3,46.90685008499999
53,4,14.476749947999995
53,5,17.417950038
53,6,2.371900002
53,7,16.234900000999993
53,8,690.1319501039998
53,9,64.714450005
53,10,27.129200040000008
53,11,23.1247
53,12,2.938400004000001
53,13,55.34365003100001
53,14,6.807649989000001
53,15,21.610250009
53,16,25.894699929000005
53,17,2.179299994
53,18,83.840999999
53,19,12.648350015
53,20,82.46900000599999
53,21,42.378949992
53,22,19.457249980000004
53,23,527.2604499429996
53,24,53.157050039
53,25,16.915850037
53,26,5.833300008000001
53,27,1.6313
53,28,21.13575002200001
53,29,193.758600033
53,30,308.909549889
53,31,3.6144499849999994
53,32,10.901150002999998
53,33,1832.6025500420003
53,34,92.24390001400002
53,35,164.13064995299996
53,36,837.7285496740002
53,37,62.20850000000002
53,38,3.001199988
53,39,18.573000008
53,40,43.45110004099999
53,41,3.9497000010000005
53,42,51.630750006000014
53,43,68.61730000899999
53,44,78.326200022
53,45,39.1249
53,46,9.858299971000003
53,47,27.647550017000007
53,48,95.78045002100002
53,49,21.237350014
53,50,307.685249906
53,51,20.508900008999998
53,52,19.853050006
53,54,3.962750002
53,55,1.4507999999999999
53,56,7.55505
53,57,2.4195
53,58,446.95185000999993
53,59,39.835500066
54,0,3.333700002
54,1,27.121399997000005
54,2,2.4208499999999997
54,3,7.351200004999999
54,4,118.666800352
54,5,0.236650016
54,6,33.067150052
54,7,0.09855000000000001
54,8,8.658499998
54,9,0.64825
54,10,30.347000036
54,11,0.66685
54,12,5.615500008
54,13,2.3485500000000004
54,14,17.625700050000003
54,15,19.410899996999998
54,16,21.704500065
54,17,7.0611500209999996
54,18,0.8569499999999999
54,19,46.493000069
54,20,4.645449999999999
54,21,0.1462
54,22,34.982400032
54,23,6.068699999999999
54,24,0.62845
54,25,0.226950015
54,26,2.6362000009999997
54,27,0.523
54,28,3.8673499999999996
54,29,3.5736999999999997
54,30,1.0070999999999999
54,31,31.684750096
54,32,0.56165
54,33,3.0817500000000004
54,34,4.34525
54,35,6.291999999
54,36,1.0922999999999998
54,37,0.9913000000000001
54,38,13.905650043
54,39,12.091000000000001
54,40,0.8290000389999999
54,41,3.42355
54,42,3.7340999999999998
54,43,5.4662999999999995
54,44,2.1298000000000004
54,45,0.15005
54,46,42.252450128
54,47,2.2798
54,48,18.213149999
54,49,59.475300032999996
54,50,1.5844
54,51,62.98089999700001
54,52,0.8939999999999999
54,53,2.1809
54,55,0.0
54,56,16.16475
54,57,3.70635
54,58,5.58795
54,59,18.162200015
55,0,0.5254
55,1,0.10139999999999999
55,2,5.161449999999999
55,3,3.7696500050000004
55,4,0.0018
55,5,4.3801500110000005
55,6,0.0
55,7,69.60649999099999
55,8,4.50585
55,9,5.20445
55,10,0.42074999999999996
55,11,166.6678
55,12,0.985250001
55,13,0.22030000000000002
55,14,0.0
55,15,0.16094999999999998
55,16,0.19344999999999998
55,17,0.0
55,18,10.7591
55,19,0.42185
55,20,8.98075
55,21,7.08765
55,22,0.0
55,23,3.7596000010000012
55,24,0.20725
55,25,1.650900005
55,26,0.282
55,27,0.0
55,28,12.999200008
55,29,0.40095000000000003
55,30,1.45205
55,31,0.0
55,32,2.6313
55,33,8.270900009000002
55,34,0.18585000000000002
55,35,1.4640000000000002
55,36,5.8814
55,37,33.733849998
55,38,0.0
55,39,0.09910000000000001
55,40,7.344450016000001
55,41,1.9393500009999998
55,42,0.07535
55,43,3.4271
55,44,0.369
55,45,21.669999996
55,46,0.0
55,47,1.18045
55,48,1.72245
55,49,0.67205
55,50,6.991549999999998
55,51,0.29975
55,52,14.148250003000001
55,53,1.0918
55,54,0.04875
55,56,0.0466
55,57,0.15775
55,58,2.7301
55,59,2.609300004
56,0,18.90245
56,1,21.11765
56,2,5.479349999999999
56,3,6.8511999999999995
56,4,64.5308
56,5,0.9636
56,6,2.4608000000000003
56,7,0.6495000000000001
56,8,20.069149999999997
56,9,6.759099999999998
56,10,5.592599999999999
56,11,0.10005
56,12,1.04755
56,13,6.6979000000000015
56,14,10.8589
56,15,8.284350000000002
56,16,52.464400000000005
56,17,16.49175
56,18,5.9441999999999995
56,19,4.9796000000000005
56,20,7.630450000000001
56,21,1.75725
56,22,15.952500000000002
56,23,45.82345
56,24,4.187399999999999
56,25,1.3907
56,26,2.62065
56,27,0.05
56,28,7.398300000000001
56,29,9.0169
56,30,2.85715
56,31,180.2219
56,32,0.7802
56,33,13.10925
56,34,4.25625
56,35,14.001199999999999
56,36,6.223299999999999
56,37,2.0683000000000002
56,38,24.23295
56,39,3.30195
56,40,12.981650000000002
56,41,0.95965
56,42,5.3274
56,43,6.4681
56,44,4.6585
56,45,1.92075
56,46,50.29409999999999
56,47,4.18865
56,48,19.6356
56,49,2.91515
56,50,2.28725
56,51,20.916549999999997
56,52,1.16715
56,53,10.8755
56,54,13.5594
56,55,0.0
56,57,0.81515
56,58,12.266800000000002
56,59,6.40675
57,0,1.5144500000000005
57,1,0.52025
57,2,2.2703499999999996
57,3,11.675650016
57,4,1.243399997
57,5,0.36475
57,6,3.2447500010000003
57,7,3.1195999999999997
57,8,1.4984500000000003
57,9,1.0031
57,10,23.598200007
57,11,2.09865
57,12,54.593749995
57,13,0.0935
57,14,0.04895
57,15,2.5955499979999996
57,16,0.5062999979999999
57,17,0.0
57,18,0.669
57,19,56.552550006999994
57,20,4.771800000000001
57,21,0.87805
57,22,0.7345999990000001
57,23,0.6470500000000001
57,24,0.04625
57,25,0.2007
57,26,3.480800004
57,27,1.16825
57,28,35.55345003
57,29,0.43829999999999997
57,30,0.3899
57,31,0.0
57,32,2.9095000009999996
57,33,2.008500001
57,34,0.0
57,35,0.74309998
57,36,2.7697
57,37,4.1452
57,38,0.152399999
57,39,0.4757
57,40,0.62275
57,41,72.903600043
57,42,0.1502
57,43,4.303
57,44,0.44485
57,45,0.8353999999999999
57,46,0.338399999
57,47,2.833350001
57,48,3.8212999990000003
57,49,36.006500001
57,50,2.0374999999999996
57,51,2.0459999989999997
57,52,8.642700003000002
57,53,1.49335
57,54,2.669999998
57,55,0.2573
57,56,0.27085
57,58,1.6479
57,59,50.913100077
58,0,134.341650005
58,1,290.889600004
58,2,278.3973499969999
58,3,68.31465006599998
58,4,120.28890036600004
58,5,22.172700050999996
58,6,8.674350010000001
58,7,32.173450003000006
58,8,1570.6770991300007
58,9,18.481850002999998
58,10,55.149100075
58,11,82.59030000000003
58,12,6.426700009
58,13,499.702249807
58,14,18.39255005
58,15,113.26160000199995
58,16,190.7265005810001
58,17,6.059950014999998
58,18,34.511600003
58,19,28.126400036000003
58,20,179.04505000099994
58,21,58.92909999400002
58,22,159.37415022800005
58,23,152.26149990900007
58,24,114.24704996599999
58,25,35.276100084999996
58,26,14.473250011999994
58,27,2.8886499999999993
58,28,25.684500013999994
58,29,281.0552998829999
58,30,69.70119997900004
58,31,17.820200052
58,32,13.563700000999999
58,33,72.48745000499996
58,34,553.183799713
58,35,135.50394996099993
58,36,1071.3140994409994
58,37,99.69104999999996
58,38,16.729050047999998
58,39,87.022599994
58,40,21.312100025999996
58,41,2.7377500000000006
58,42,365.0620998039999
58,43,124.66490000000002
58,44,197.46849991199997
58,45,56.81680001499999
58,46,104.00270031800002
58,47,60.21585001800001
58,48,501.2287999739999
58,49,46.02715002200001
58,50,328.6957498989999
58,51,152.57940000799996
58,52,23.187900003999996
58,53,352.5688498320002
58,54,13.459849999999998
58,55,3.54015
58,56,39.29260000000001
58,57,2.3665000000000003
58,59,68.364550066
59,0,11.612500000000008
59,1,21.841349925999996
59,2,31.188599921999998
59,3,557.8013992390001
59,4,15.495998311999996
59,5,2.974450305
59,6,37.52389964299999
59,7,17.142449992000003
59,8,20.67899994
59,9,8.990899995
59,10,565.7135449120001
59,11,21.945149998999995
59,12,192.35374812
59,13,1.83875
59,14,6.1343493160000016
59,15,157.376349397
59,16,20.775297772000002
59,17,0.751049912
59,18,7.915299998999999
59,19,288.82449717399993
59,20,98.40839972299996
59,21,11.607149990000002
59,22,24.031698881000004
59,23,9.327099996000003
59,24,1.0703999999999998
59,25,4.801200496000001
59,26,168.24434975100004
59,27,6.217099984000001
59,28,547.1169987040003
59,29,5.3460999949999986
59,30,8.446999989
59,31,4.0193495299999995
59,32,24.439849922000004
59,33,27.346949996999996
59,34,5.5740499859999995
59,35,11.358199995999998
59,36,38.206499921
59,37,46.92344989900001
59,38,1.596649814
59,39,5.8546499999999995
59,40,5.819900435999998
59,41,117.19409950599999
59,42,4.912249989
59,43,104.15359969400001
59,44,4.579649994999999
59,45,8.484499995999998
59,46,7.925199068000002
59,47,175.68194966099995
59,48,133.50789952500003
59,49,300.3054487920001
59,50,38.07689993499999
59,51,89.78094953700003
59,52,154.79714950200002
59,53,28.239249965000003
59,54,17.182699935
59,55,2.564349999
59,56,5.854299999999999
59,57,96.00004959799999
59,58,26.19849993
